Date,Prev Close,Open,High,Low,Last,Close,VWAP
02-01-2012,160.85,160.85,160.85,157,158,158.15,158.32
03-01-2012,158.15,159.5,161.5,158.7,160.45,160.35,160.31
04-01-2012,160.35,161,161,158.75,160.1,160.15,159.77
05-01-2012,160.15,160.45,160.9,155.05,156.7,156.8,158.42
06-01-2012,156.8,156.5,157.5,155.25,156.9,156.95,156.61
07-01-2012,156.95,157,157.55,156.55,157.25,157.1,157.16
09-01-2012,157.1,156.4,157.5,155.55,157,156.95,156.88
10-01-2012,156.95,158.95,160.15,156.75,157.8,158,158
11-01-2012,158,158.8,160.45,157.5,159.1,159.7,158.78
12-01-2012,159.7,160.9,162.4,159.75,160.95,160.85,161.03
13-01-2012,160.85,161.9,166.85,160.95,166.5,166.2,164.61
16-01-2012,166.2,164.75,165.9,161.55,161.75,161.85,163.03
17-01-2012,161.85,162.95,167.8,162.8,166.9,167.2,165.67
18-01-2012,167.2,167.2,169.2,163.4,164.25,164.5,166.22
19-01-2012,164.5,165.2,172.5,165,172.5,171.45,169.66
20-01-2012,171.45,171.95,175.8,171.05,174.5,174.5,174.1
23-01-2012,174.5,173.05,177.5,173.05,174,175.55,176.2
24-01-2012,175.55,175.6,177.15,172.95,174.3,175.35,175.19
25-01-2012,175.35,175.35,177.1,174.25,175.05,174.75,174.99
27-01-2012,174.75,178.15,178.9,172.7,174.25,174.05,175
30-01-2012,174.05,171.55,174.9,170.75,172,171.75,172.66
31-01-2012,171.75,170.4,172.55,169.25,171.3,172.2,171.2
01-02-2012,172.2,172,173.65,170.05,171.1,170.85,171
02-02-2012,170.85,172,173.15,170.6,171.6,171.9,172.16
03-02-2012,171.9,171.1,177.4,171.1,176.8,176.8,174.97
06-02-2012,176.8,178,178.3,174.5,176.85,177.65,176.81
07-02-2012,177.65,177.55,178.45,174.55,175.15,175.75,175.94
08-02-2012,175.75,175.5,178.9,175.45,177.2,177.25,177.55
09-02-2012,177.25,177,181,176.55,180.5,180,179.65
10-02-2012,180,179.9,181.45,178.65,180.05,180.35,180.06
13-02-2012,180.35,180,182.35,179.3,180.8,181,180.53
14-02-2012,181,180.15,183.4,180.1,181.75,181.65,181.97
15-02-2012,181.65,181.75,184.45,179.8,182,182.1,182.17
16-02-2012,182.1,183.9,185.6,182.6,183.85,183.95,184.58
17-02-2012,183.95,186,190.75,184.85,187,187.9,188.05
21-02-2012,187.9,187.15,189.9,184.85,185.5,186.15,187.35
22-02-2012,186.15,185.5,187.6,181.2,182.85,182.8,183.65
23-02-2012,182.8,182.15,186,180.2,185,185.05,183.44
24-02-2012,185.05,185.05,187.4,182.3,183.45,183.7,185.09
27-02-2012,183.7,185,185,175.5,180.5,180.85,181.28
28-02-2012,180.85,181,183.8,179.6,179.9,180.05,181.12
29-02-2012,180.05,180.9,183.45,179.6,181.6,181.05,181.29
01-03-2012,181.05,181.5,182.7,174.7,176.35,176.45,177.73
02-03-2012,176.45,177.95,180.8,176.35,179.5,179,178.55
03-03-2012,179,179.7,180,177.3,178.4,178.6,178.64
05-03-2012,178.6,177.8,178.35,174.35,176.7,175.65,176.1
06-03-2012,175.65,174.5,179.75,173,173.65,174.55,176.4
07-03-2012,174.55,173,174.4,169.6,170,170.2,171.41
09-03-2012,170.2,172.45,174.65,170.05,173.8,173.65,172.09
12-03-2012,173.65,175,176,170.35,172,172.1,171.65
13-03-2012,172.1,172.65,174.6,172.6,174.2,173.25,173.58
14-03-2012,173.25,175,178,174.3,178,177.6,176.29
15-03-2012,177.6,177.6,180,177,179.2,179.6,179.04
16-03-2012,179.6,179.2,181.3,171.2,172,172.35,177
19-03-2012,172.35,173.45,174.8,171.15,171.5,171.95,173.3
20-03-2012,171.95,170.65,174.3,169.25,171.95,173.15,172.5
21-03-2012,173.15,172,176.25,171.65,176,175.8,174.49
22-03-2012,175.8,176,176.8,170.05,170.35,171.25,173.87
23-03-2012,171.25,171.25,173.25,170.45,172,171.8,171.9
26-03-2012,171.8,172.25,172.25,165,165.15,165.45,166.95
27-03-2012,165.45,167.75,167.85,162.6,164.9,164,164.78
28-03-2012,164,164,164.55,160.6,161.7,161.6,162.01
29-03-2012,161.6,161,163.7,160.05,163.3,162.5,161.67
30-03-2012,162.5,163,164.95,161.85,162.7,162.75,163.54
02-04-2012,162.75,163.8,168.1,163,168,167.5,166.14
03-04-2012,167.5,168.5,168.85,166.5,167.4,167.5,167.53
04-04-2012,167.5,167.9,169.25,166.5,167.65,167.8,167.69
09-04-2012,167.8,166.2,166.75,162.55,163.25,163.05,164.3
10-04-2012,163.05,162.55,163.45,161.2,162.25,162.4,162.28
11-04-2012,162.4,161,166.1,161,165.4,165.35,164.19
12-04-2012,165.35,166.1,167,164.25,165.6,165.45,165.72
13-04-2012,165.45,166.5,169,165.75,166,166.75,167.15
16-04-2012,166.75,165.1,166.35,164,166.25,165.5,165.22
17-04-2012,165.5,165.05,168.9,164.7,167.4,167.5,167.42
18-04-2012,167.5,167.55,169.75,167.3,167.7,167.9,168.49
19-04-2012,167.9,168.9,169.5,167,168.15,168.15,168.21
20-04-2012,168.15,168,168.9,163.6,165.7,165.25,166.87
23-04-2012,165.25,164.8,166.45,163.05,166.35,165.95,165.1
24-04-2012,165.95,165.95,168.25,164.5,168,167.3,167.17
25-04-2012,167.3,167.9,167.9,163.35,164.5,164.9,164.92
26-04-2012,164.9,164.1,165.95,160.4,162.5,161.15,162.2
27-04-2012,161.15,161.6,163.35,161,161.5,161.9,162.06
28-04-2012,161.9,161.3,163.35,161.3,162.8,162.6,162.32
30-04-2012,162.6,161.4,164.35,161.4,162.5,162.5,163.23
02-05-2012,162.5,162,163.25,159.25,159.35,159.85,160.87
03-05-2012,159.85,159.8,159.8,155.75,157.5,157,157.19
04-05-2012,157,156,158.3,154.05,154.95,154.95,155.88
07-05-2012,154.95,154,157.05,152.5,156.3,156.15,154.29
08-05-2012,156.15,156.9,157.65,154.55,156.4,155.9,155.99
09-05-2012,155.9,154.65,155.3,150.2,152,151.45,152.83
10-05-2012,151.45,151,153.75,148.25,149.95,149.4,151.48
11-05-2012,149.4,149.4,150.9,146.1,148,148.15,148.1
14-05-2012,148.15,148.15,150.1,146.5,146.9,147.5,148.46
15-05-2012,147.5,146.5,147.6,142.4,143.05,143.4,144.23
16-05-2012,143.4,142.4,142.9,138.85,141.55,141.05,140.83
17-05-2012,141.05,141.05,142.85,141,142.4,142.1,141.99
18-05-2012,142.1,141,147.5,140.05,144.5,144.95,144.61
21-05-2012,144.95,144.6,146,141.75,142.95,143.6,143.88
22-05-2012,143.6,143.55,145.25,140.75,141.4,141.35,142.97
23-05-2012,141.35,141,141.7,139,141.05,141.05,140.68
24-05-2012,141.05,141.1,143.25,139.95,142.9,142.1,142.02
25-05-2012,142.1,142.1,143,141.05,142.25,142.2,142.32
28-05-2012,142.2,141.7,144.9,141.7,144.75,144.5,143.75
29-05-2012,144.5,145.1,146.15,143.9,145,145.5,145.21
30-05-2012,145.5,143.9,146.45,143.9,145.25,145.25,145.24
31-05-2012,145.25,144.2,148,144.15,146.1,146.8,146.57
01-06-2012,146.8,146.3,146.65,144.1,144.5,145.1,145.13
04-06-2012,145.1,144,144.8,141.4,144.2,144.05,143.25
05-06-2012,144.05,144.05,147.5,144.05,147.35,146.95,146.7
06-06-2012,146.95,147.5,153.4,147.5,152.6,152.75,151.39
07-06-2012,152.75,153.1,157.1,151.75,154.5,155.05,154.62
08-06-2012,155.05,154.5,157.3,152.5,156.1,156,154.7
11-06-2012,156,156.3,158.8,154.6,154.7,155.1,156.65
12-06-2012,155.1,154.7,158.5,153.55,157.7,157.65,155.96
13-06-2012,157.65,157.5,157.8,153.5,154,154.3,156.19
14-06-2012,154.3,153,154.4,147.6,148.3,148.25,149.89
15-06-2012,148.25,148,151.3,147,150.1,150.2,149.02
18-06-2012,150.2,151.05,152.4,147.45,149.75,149.2,149.95
19-06-2012,149.2,148.5,151.15,147.35,148.55,149.65,149.34
20-06-2012,149.65,150,152.2,148.9,149.55,149.55,150.76
21-06-2012,149.55,149.8,152,149,152,151.3,150.73
22-06-2012,151.3,150.4,153.35,149.55,151.85,152.15,151.48
25-06-2012,152.15,151.55,154.1,151.45,152.55,152.5,152.77
26-06-2012,152.5,152.6,154.45,151.65,154.25,153.7,152.81
27-06-2012,153.7,155,156.55,154.25,155,155.1,155.32
28-06-2012,155.1,156,158.35,154.85,157,157.6,156.88
29-06-2012,157.6,158.85,160.4,158.05,159.9,159.45,159.5
02-07-2012,159.45,160,162,159.25,161.1,161.3,161.11
03-07-2012,161.3,161.5,162.6,159,161.3,161.05,161.22
04-07-2012,161.05,161.3,162,158.5,160.8,160.9,160.56
05-07-2012,160.9,160.5,162.35,159,161.4,161.6,160.87
06-07-2012,161.6,161,161.85,159.7,160.7,160.85,160.85
09-07-2012,160.85,159.25,160.55,157.5,160.15,160.05,159.58
10-07-2012,160.05,159.5,160.7,157.5,160.7,159.85,158.88
11-07-2012,159.85,158.6,161.7,158.6,160.3,160.15,159.84
12-07-2012,160.15,158.9,160.35,157,159.15,158.95,158.74
13-07-2012,158.95,159.25,161.1,158.7,159.75,159.75,160.27
16-07-2012,159.75,158.8,160.8,158.35,158.85,158.8,159.72
17-07-2012,158.8,159.45,160.15,157.3,157.65,158.3,158.41
18-07-2012,158.3,158.25,158.7,156.1,157.15,157.05,157.06
19-07-2012,157.05,158,159.05,156.5,157.35,157.1,156.99
20-07-2012,157.1,156.7,157.45,155.55,156.4,155.9,156.08
23-07-2012,155.9,155.55,155.9,152.4,154.5,153.75,153.25
24-07-2012,153.75,154,154.15,152.3,152.6,152.9,153.12
25-07-2012,152.9,152.15,152.95,149.1,150.25,150.05,150.26
26-07-2012,150.05,151,152.4,149.4,151.9,151.15,150.91
27-07-2012,151.15,152.5,155.45,152.15,153.5,153.25,153.71
30-07-2012,153.25,153.6,158.45,153.6,157.9,157.9,156.37
31-07-2012,157.9,158.1,159,156.4,157,157,157.65
01-08-2012,157,157.05,159,156.2,157.6,157.5,157.38
02-08-2012,157.5,157.6,164.5,157.55,163.5,163.5,160.94
03-08-2012,163.5,163,168.4,162.2,166.4,166.25,165.47
06-08-2012,166.25,166.7,168.5,164.8,165.3,165.65,166.9
07-08-2012,165.65,165.3,167.95,164.3,167,167.35,165.76
08-08-2012,167.35,167.7,170.95,166.8,168,168.25,168.72
09-08-2012,168.25,168.35,170.5,168.25,170.25,169.95,169.63
10-08-2012,169.95,168.75,172.5,168.7,172,171.95,171.05
13-08-2012,171.95,171.95,172.8,171.05,171.9,172.2,171.98
14-08-2012,172.2,171.1,172.95,169.7,171.8,171.8,170.8
16-08-2012,171.8,171.75,172,169.65,170,170,170.11
17-08-2012,170,170.55,171.2,167.1,168.75,168.05,169.58
21-08-2012,168.05,167.5,174.8,167.5,173.7,173.75,172.18
22-08-2012,173.75,173.5,173.9,171,171,171.4,172.02
23-08-2012,171.4,171.5,172.4,169.7,171.1,170.5,170.61
24-08-2012,170.5,169.7,171.15,167.9,168.7,168.6,169.41
27-08-2012,168.6,168.45,169.75,167.1,169.2,168.95,168.39
28-08-2012,168.95,169.85,172.35,168.7,171.65,171.85,171.06
29-08-2012,171.85,173,173,169.9,171.9,172.3,171.66
30-08-2012,172.3,171.15,173.25,169.3,171.4,171.45,171.23
31-08-2012,171.45,170,170.4,167.4,167.6,168.05,168.14
03-09-2012,168.05,168.25,171.2,167.6,167.6,168.8,169.88
04-09-2012,168.8,167.5,170.8,165.75,170.15,170.35,168.66
05-09-2012,170.35,169,169.6,166.9,169.1,168.55,168.32
06-09-2012,168.55,167.6,172.7,166,171.6,171.5,170.48
07-09-2012,171.5,172.15,174.2,171.8,172,172.25,172.47
08-09-2012,172.25,171.15,172.4,171.15,171.5,171.65,171.71
10-09-2012,171.65,171.15,172.8,170.9,172.25,172,172.01
11-09-2012,172,170.65,174.7,170.65,174.65,174.35,173.55
12-09-2012,174.35,175,175.5,169.6,170.8,170.65,172.54
13-09-2012,170.65,171,172.4,170,170.55,171.15,171.23
14-09-2012,171.15,173.5,173.85,167.05,167.95,168.3,170.53
17-09-2012,168.3,169.5,170.35,168.2,168.95,169,169.08
18-09-2012,169,169,170.7,165,166.55,166.35,167.16
20-09-2012,166.35,166.6,168.05,163.35,163.9,164.1,165.01
21-09-2012,164.1,164.2,169.45,164,169.4,168.75,167.46
24-09-2012,168.75,169,170.9,165.8,166.5,166.45,167.91
25-09-2012,166.45,168.65,169.2,164.1,165,164.95,166.36
26-09-2012,164.95,165.7,165.9,164.3,164.9,165,165.04
27-09-2012,165,164.9,165.9,162.75,164.5,164.35,164.34
28-09-2012,164.35,165,168.65,164.6,167.9,168.1,167.09
01-10-2012,168.1,168,170.9,167.4,169.7,170.15,169.62
03-10-2012,170.15,170,171.5,169,170,170.05,170.06
04-10-2012,170.05,170.95,172.9,170.05,170.65,170.85,171.25
05-10-2012,170.85,171.2,171.75,137,170.45,171.05,166.77
08-10-2012,171.05,170.35,174.1,170.05,171,171.55,172.42
09-10-2012,171.55,172,173.35,168.65,168.9,169.8,170.32
10-10-2012,169.8,168.9,169.1,165.5,166.75,166.5,166.93
11-10-2012,166.5,167.75,168.4,166.1,167.7,167.85,167.45
12-10-2012,167.85,167.75,170.25,160.2,169,168.9,169.09
15-10-2012,168.9,168.1,168.7,166.65,168.15,168.15,167.9
16-10-2012,168.15,169.75,169.95,166.8,167.25,167.7,168.69
17-10-2012,167.7,168.45,169.45,166.8,169,169.05,168.51
18-10-2012,169.05,169.25,169.6,167.15,168.4,168.7,168.72
19-10-2012,168.7,168,168.5,166.05,166.5,166.3,166.94
22-10-2012,166.3,166.5,169.8,165.25,169.8,169.15,168.78
23-10-2012,169.15,169,170.05,168.65,169,169,169.04
25-10-2012,169,168,171.45,168,170.5,169.3,169.59
26-10-2012,169.3,169.6,172,166.95,169,169.1,169.28
29-10-2012,169.1,169.35,169.95,166.85,167.75,167.75,168.87
30-10-2012,167.75,167,168.85,165.8,166.5,166.15,167.22
31-10-2012,166.15,166.15,167.1,165,165.5,165.35,165.62
01-11-2012,165.35,165,166.35,164.6,165.4,165.45,165.2
02-11-2012,165.45,166.1,168.75,166.1,168,168.15,167.54
05-11-2012,168.15,167.9,168.55,166.15,167.8,167.45,167.06
06-11-2012,167.45,167.2,169.25,166.75,169.15,168.65,168.37
07-11-2012,168.65,168.65,170.4,167.55,169.85,169.3,169.43
08-11-2012,169.3,168.5,170.85,167.65,169.5,170,169.65
09-11-2012,170,170.2,170.4,166.1,167.1,166.7,167.87
12-11-2012,166.7,167,168.25,166.9,167.85,167.5,167.4
13-11-2012,167.5,167.85,168,166.2,166.55,166.75,166.83
15-11-2012,166.75,168,168.2,165.35,166.9,166.9,166.72
16-11-2012,166.9,166.1,168.3,165.8,166.15,166.4,166.91
19-11-2012,166.4,166.5,168.8,166.4,168.4,168.35,168.02
20-11-2012,168.35,168.6,169.4,167.5,168,168.35,168.53
21-11-2012,168.35,168.2,168.45,161.4,161.75,162,164.15
22-11-2012,162,162.25,165.05,161.6,164.7,163.9,163.14
23-11-2012,163.9,165.45,166.9,158.3,159.25,159.4,162.36
26-11-2012,159.4,160.3,160.8,157.05,159.65,159.45,158.64
27-11-2012,159.45,160.45,160.7,158.05,158.7,158.55,158.93
29-11-2012,158.55,159.25,161.5,157.25,160.1,160.6,159.68
30-11-2012,160.6,161.4,163,159.8,161.9,162.4,161.83
03-12-2012,162.4,162.4,162.4,159.2,160.8,160.45,160.68
04-12-2012,160.45,159.55,161.1,158.05,158.6,158.6,159.69
05-12-2012,158.6,159,160.3,158.25,158.9,158.7,159.07
06-12-2012,158.7,159.4,162.2,156.6,161.4,161.1,159.38
07-12-2012,161.1,161.4,162.5,159.05,159.4,159.85,160.19
10-12-2012,159.85,160,160,156,156.9,156.9,157.73
11-12-2012,156.9,157.8,158.3,149.7,154.45,154.2,155.35
12-12-2012,154.2,154,155,151.9,152.9,153.2,153.43
13-12-2012,153.2,153.3,153.7,149.85,150,150.6,151.58
14-12-2012,150.6,150.9,153.2,149.35,152.8,152.8,151.14
17-12-2012,152.8,153.45,155.25,152.4,154.45,154.5,154.03
18-12-2012,154.5,154.95,156.5,154.1,155.1,155.45,155.43
19-12-2012,155.45,155.9,155.95,153.35,154.9,154.75,154.74
20-12-2012,154.75,154.9,155.3,153.35,153.95,154.05,154.05
21-12-2012,154.05,153.45,154.05,152.55,153.05,153.15,153.3
24-12-2012,153.15,152.6,154.85,152.6,154.6,154.3,154.11
26-12-2012,154.3,155,155.65,154.05,155.6,155.3,155.2
27-12-2012,155.3,155.75,156.5,154.8,155.9,155.5,155.55
28-12-2012,155.5,155.5,157.95,155.5,157.3,156.65,156.57
31-12-2012,156.65,156.55,157.25,156,156.5,156.45,156.65
01-01-2013,156.45,156.9,157.75,154.8,155.5,155.5,155.84
02-01-2013,155.5,156.3,158,156.25,157.5,157.5,157.44
03-01-2013,157.5,157.75,159.4,156.8,157.6,157.55,157.85
04-01-2013,157.55,157.95,159.4,157.6,158.7,158.9,158.51
07-01-2013,158.9,159,159.25,156.75,157.2,157.6,157.71
08-01-2013,157.6,157.5,158,156.5,157.8,157.45,157.03
09-01-2013,157.45,157.6,159.25,155.2,155.75,155.7,156.7
10-01-2013,155.7,156.35,156.85,153.35,153.5,153.8,154.61
11-01-2013,153.8,154,155.15,152.3,152.35,152.7,153.43
14-01-2013,152.7,153,154.45,152.8,154.15,154.05,153.88
15-01-2013,154.05,154.15,156.5,153.1,155,155.65,154.56
16-01-2013,155.65,155.95,156.75,155.35,156.2,156.2,156.38
17-01-2013,156.2,156.15,157.3,155.35,157.2,157.1,156.51
18-01-2013,157.1,157.25,165,157.05,164.8,164.5,161.09
21-01-2013,164.5,164.6,167.5,160.7,162.35,161.6,163.9
22-01-2013,161.6,163.55,165.5,163.1,164.4,164.35,164.72
23-01-2013,164.35,165,165.55,161.15,163.2,162.6,162.9
24-01-2013,162.6,161.75,162.65,159.75,160.5,160.35,160.28
25-01-2013,160.35,160.5,162,159,159.2,159.35,160.17
28-01-2013,159.35,159.05,160.45,156.2,157.95,157.65,158.01
29-01-2013,157.65,157.8,158.5,156.85,157.35,157.3,157.62
30-01-2013,157.3,157.9,157.95,155,155.9,155.8,155.78
31-01-2013,155.8,155.2,158.2,154.8,156.8,157.1,156.43
01-02-2013,157.1,157.5,158.6,156,156.4,156.95,157.28
04-02-2013,156.95,156.55,157.95,155,155.5,155.55,156.23
05-02-2013,155.55,154.15,157.7,154,155.25,155.45,155.62
06-02-2013,155.45,154.95,154.95,150.35,151.75,151.8,152.86
07-02-2013,151.8,149.1,150.85,147.55,147.7,148.05,148.6
08-02-2013,148.05,147,150.75,146.5,148.2,148.05,148.46
11-02-2013,148.05,148.95,149.15,147.1,147.3,147.65,147.85
12-02-2013,147.65,147.9,148.45,146.9,147.1,147.4,147.45
13-02-2013,147.4,147.8,149.15,147.4,147.75,148.25,148.53
14-02-2013,148.25,149,150.45,148.2,149.7,149.3,149.55
15-02-2013,149.3,149,151.4,148.95,149.85,149.95,150.44
18-02-2013,149.95,150,151.4,150,151,151.1,151.02
19-02-2013,151.1,151.25,153.7,151.15,153.5,153.5,152.62
20-02-2013,153.5,154.25,154.25,151.75,152.4,152.4,153
21-02-2013,152.4,152.25,152.75,151.6,152.05,152,152.08
22-02-2013,152,151.9,152.4,149.6,151.5,151.55,151.04
25-02-2013,151.55,152,152.95,149.2,149.6,149.85,150.83
26-02-2013,149.85,149,152.1,148.5,150.4,151,150.77
27-02-2013,151,152,154.5,150.7,153.35,153.85,152.41
28-02-2013,153.85,154.3,156.2,149.9,151.35,150.9,152.8
01-03-2013,150.9,148.95,150.7,147,150,150.05,149.4
04-03-2013,150.05,149.9,150.45,147.75,149.15,149.35,149.35
05-03-2013,149.35,150,150.2,147.7,149,149.55,148.82
06-03-2013,149.55,149.95,150.9,148.1,148.6,148.45,149.33
07-03-2013,148.45,148.1,149.25,147.75,148.45,148.15,148.38
08-03-2013,148.15,149,150.5,145.05,148.5,149.05,149.43
11-03-2013,149.05,149.25,150.05,148.5,149.35,149.6,149.48
12-03-2013,149.6,149.6,150.75,147.3,147.35,147.8,149.03
13-03-2013,147.8,147.5,147.8,145.8,146.7,146.8,146.85
14-03-2013,146.8,146.95,147.6,146.3,146.75,146.85,147.04
15-03-2013,146.85,147.2,148.25,145.5,145.8,145.95,146.66
18-03-2013,145.95,145,146.1,144.05,145.8,145.85,145.36
19-03-2013,145.85,146,147.1,143.75,144.25,144.3,145.03
20-03-2013,144.3,144.55,144.55,139.05,139.6,139.35,141.07
21-03-2013,139.35,139.35,141,136.15,138.35,137.95,137.67
22-03-2013,137.95,137.75,142.35,137.6,139.9,139.3,139.65
25-03-2013,139.3,140.9,144.8,140.4,142.15,142.45,142.94
26-03-2013,142.45,141,143.4,141,142.35,142.7,142.73
28-03-2013,142.7,142.05,142.55,140.5,141.75,141.95,141.83
01-04-2013,141.95,142.05,144.9,142.05,142.9,143.5,144.04
02-04-2013,143.5,143.2,144.85,143,144.3,144.1,143.99
03-04-2013,144.1,144.45,146.95,143.55,145.8,145.4,146.06
04-04-2013,145.4,145,146.5,144.2,144.5,144.8,145.41
05-04-2013,144.8,144.5,144.5,139.3,140.65,141,140.63
08-04-2013,141,140.05,142.35,140,140.7,140.85,141.15
09-04-2013,140.85,141.6,143.25,140.75,141.7,141.55,142.54
10-04-2013,141.55,140.6,143.2,140.15,142.5,142.8,142.37
11-04-2013,142.8,142,142.5,139.5,139.75,140.25,140.61
12-04-2013,140.25,140,141.5,139.4,140.1,140.6,140.4
15-04-2013,140.6,140,141.35,139.2,140.8,140.95,140.42
16-04-2013,140.95,140.15,144.9,140.15,143.4,143.95,143.68
17-04-2013,143.95,144,146.05,143.7,144,144.15,144.78
18-04-2013,144.15,144.8,146.45,144.25,145.25,145.85,145.78
22-04-2013,145.85,145.05,149.5,145.05,149,148.95,147.95
23-04-2013,148.95,149,149.7,148.05,148.95,149.05,148.81
25-04-2013,149.05,148.55,155.9,148.55,155.45,155.25,154.18
26-04-2013,155.25,155,157.7,153.35,154.95,154.9,155.23
29-04-2013,154.9,155,157,155,156,156,156.01
30-04-2013,156,156.95,158,155.65,156.8,157.35,156.74
02-05-2013,157.35,156.5,161,156.5,160.5,160.25,159.78
03-05-2013,160.25,159.6,162.9,158.9,159.75,159.3,161.58
06-05-2013,159.3,158.75,161,156.3,157.45,157.2,157.81
07-05-2013,157.2,158.9,160.5,156.2,157.5,157.85,159.27
08-05-2013,157.85,157.85,158.5,155.45,156.4,156.3,156.38
09-05-2013,156.3,156,157.9,155,156.35,156.3,156.47
10-05-2013,156.3,156.5,160,153.3,153.45,155,157.8
11-05-2013,155,155,155,153.5,154.1,154.15,154.13
13-05-2013,154.15,154,155.95,152.8,153.85,153.85,154.39
14-05-2013,153.85,154.1,155,152.85,153.9,153.95,153.92
15-05-2013,153.95,154.2,158,154.15,156.85,157.3,156
16-05-2013,157.3,157.3,159,155.85,156.7,156.45,157.14
17-05-2013,156.45,156.1,161,156.1,160.35,159.9,158.69
20-05-2013,159.9,160.15,160.95,158.55,159.4,159.55,160.01
21-05-2013,159.55,159.05,159.55,151.4,152.5,152.3,154.03
22-05-2013,152.3,153,155.9,152.1,155.3,154.75,153.91
23-05-2013,154.75,153.35,155,147.95,148.85,148.5,150.62
24-05-2013,148.5,151,151.35,149.1,150,150,150.35
27-05-2013,150,150.95,152.9,150.5,152.35,152.3,152.09
28-05-2013,152.3,152.05,156.2,152.05,154.9,155.1,154.69
29-05-2013,155.1,154.25,155.05,152.8,153.2,154,154.33
30-05-2013,154,152.5,157.45,152.5,157,156.6,155.77
31-05-2013,156.6,156.5,157.1,152.65,153.25,154.2,154.82
03-06-2013,154.2,154,154.05,150.85,152.6,152.2,152.21
04-06-2013,152.2,152.3,155.6,152.25,154.25,154.05,153.97
05-06-2013,154.05,153.1,155.4,153.1,153.5,153.95,154.27
06-06-2013,153.95,152.65,153.2,150.4,151.4,150.75,151.8
07-06-2013,150.75,152,152.7,146,148.45,147.8,149.35
10-06-2013,147.8,148.05,152,148.05,150.4,150.05,150.12
11-06-2013,150.05,149.2,152.4,149.2,150.5,150.2,150.83
12-06-2013,150.2,151.45,152.1,148.6,150.05,151.15,150.3
13-06-2013,151.15,148.65,150.7,148,150.5,149.7,149.13
14-06-2013,149.7,151.1,152.3,149.5,151.5,152,151.15
17-06-2013,152,151.35,151.9,149.3,150,150.65,150.89
18-06-2013,150.65,149.9,150.5,146.55,146.6,146.8,148.26
19-06-2013,146.8,146.8,146.8,143.75,144.45,145,144.68
20-06-2013,145,143.9,143.9,139,140.25,140.2,140.12
21-06-2013,140.2,140.2,144,138,142.8,143,141.68
24-06-2013,143,142,145.65,140.6,142.2,142,142.38
25-06-2013,142,141.6,144.25,137.35,138.25,138.05,140.55
26-06-2013,138.05,139.4,141.9,139.05,141.05,141.3,140.86
27-06-2013,141.3,142.65,142.95,138.5,140.45,140.3,140.12
28-06-2013,140.3,140.35,144.6,139.55,144.05,143.75,143.37
01-07-2013,143.75,144.4,148.65,143.75,148.4,148.15,146.99
02-07-2013,148.15,147.9,148.3,145.05,145.1,145.6,146.67
03-07-2013,145.6,144.45,145.85,143.7,144.95,144.15,144.41
04-07-2013,144.15,145.95,146.9,143.25,144,144.05,144.37
05-07-2013,144.05,145.1,145.55,142.8,143.9,143.65,144.06
08-07-2013,143.65,143.15,143.5,138.95,140.85,140.4,140.53
09-07-2013,140.4,142.45,143.35,140.6,141.9,142.3,142
10-07-2013,142.3,143.5,143.8,140.35,141.5,141.1,141.82
11-07-2013,141.1,143.75,145.75,142.85,143.55,143.85,144.36
12-07-2013,143.85,144.1,146.7,141.8,146.2,146.1,145.06
15-07-2013,146.1,146,147,141.85,142.85,142.35,143.64
16-07-2013,142.35,142,144.1,141.35,143.7,143.2,143.02
17-07-2013,143.2,144.65,149,144.05,146.75,147.55,146.4
18-07-2013,147.55,147.8,148.35,144.8,146.55,146.5,146.23
19-07-2013,146.5,147.05,147.5,142.85,143.9,143.7,143.72
22-07-2013,143.7,143.7,144.45,141.85,143.6,143.05,142.75
23-07-2013,143.05,144.25,144.7,142.65,143.3,143.3,143.89
24-07-2013,143.3,142.25,144.5,140,141.45,141.2,141.49
25-07-2013,141.2,142,142.15,139.1,140.4,140.25,140.65
26-07-2013,140.25,142,142.45,138.8,141.15,141.05,140.56
29-07-2013,141.05,141.95,142.9,141.5,141.6,142,142.04
30-07-2013,142,141.6,142.05,136.5,137,137.7,138.92
31-07-2013,137.7,136.05,136.85,127.7,130,130.7,130.82
01-08-2013,130.7,132,135.4,129,132,131.55,132.11
02-08-2013,131.55,134.3,135.35,126.55,132.05,129.85,130.44
05-08-2013,129.85,130.2,136.45,130.2,135,135.25,133.41
06-08-2013,135.25,134.5,137,133.7,134.85,134.85,135.08
07-08-2013,134.85,134.9,139.4,132.7,135.6,136.4,136.19
08-08-2013,136.4,135.05,138.7,134.25,136.25,137.1,135.81
12-08-2013,137.1,136.75,139.95,134.55,137.25,138.35,138.08
13-08-2013,138.35,136.45,144.45,136.4,143.35,143.75,142.05
14-08-2013,143.75,143.95,145.85,142.55,145.4,144.3,143.83
16-08-2013,144.3,143.6,144.5,138,140.4,139.65,140.68
19-08-2013,139.65,139.4,140,134.6,136.5,136.75,136.49
20-08-2013,136.75,135.9,137.9,133.95,135.5,136.15,135.24
21-08-2013,136.15,136.25,137,129,131.65,130.65,134.24
22-08-2013,130.65,130.35,132.7,126.1,132.1,131.15,129.63
23-08-2013,131.15,132.05,132.5,127.6,129.5,129.05,128.92
26-08-2013,129.05,130.2,133.5,130,131.95,132.4,132.25
27-08-2013,132.4,132.8,132.8,123.4,125.1,124.45,126.72
28-08-2013,124.45,123.5,127.5,122.6,126,126.3,125.55
29-08-2013,126.3,126.9,131.85,125,130.3,130.8,129.17
30-08-2013,130.8,129.8,131.95,127.5,130.55,130.9,130.09
02-09-2013,130.9,131,131.05,127.75,130.4,130.7,130.02
03-09-2013,130.7,130.3,131.55,125.65,125.75,128.05,129.04
04-09-2013,128.05,127.4,130.7,125,130,130,128.4
05-09-2013,130,132.5,133,128.95,129.6,130.45,131.97
06-09-2013,130.45,130.8,134.9,128.5,132.95,134.3,132.44
10-09-2013,134.3,135,139.5,135,138.1,138.6,137.95
11-09-2013,138.6,139.5,140.95,135.3,138.05,137.6,137.05
12-09-2013,137.6,137.2,140.9,137.2,138.4,139.45,139.61
13-09-2013,139.45,138.4,141.5,138,141,141.1,140.13
16-09-2013,141.1,142.8,145.5,141.4,143,142.95,143.32
17-09-2013,142.95,143.5,144.35,138.5,140.25,140.15,140.1
18-09-2013,140.15,140.4,145.9,139.5,145.75,144.9,143.36
19-09-2013,144.9,148.1,151.6,145.7,147.3,147.1,147.54
20-09-2013,147.1,147,150,144.65,147.9,148.3,147.41
23-09-2013,148.3,146,148.6,141.4,142.25,142.8,144.54
24-09-2013,142.8,141.05,146.2,141.05,145.7,145.45,144.52
25-09-2013,145.45,145.45,149.8,144.3,149.1,149,147.33
26-09-2013,149,148.5,150,146.15,149.5,149.7,148.86
27-09-2013,149.7,150,150,146.65,147.3,147.95,148.28
30-09-2013,147.95,146.85,149.75,143.7,147.85,147.45,146.02
01-10-2013,147.45,147.7,148.4,143.5,143.6,143.85,144.83
03-10-2013,143.85,145.5,146.25,143.45,143.9,143.9,144.11
04-10-2013,143.9,143,145.1,142.2,142.6,142.6,143.21
07-10-2013,142.6,142.5,142.7,140.25,142.15,142.25,141.55
08-10-2013,142.25,143.1,144.85,141.1,143.9,144.35,143.08
09-10-2013,144.35,143.65,146.2,142,146,145.15,143.38
10-10-2013,145.15,145.25,148.45,145,147.65,147.9,146.8
11-10-2013,147.9,149,149,143.7,143.8,144.05,145.41
14-10-2013,144.05,143.8,144.15,142.1,144.05,143.65,142.89
15-10-2013,143.65,144,146.9,143.35,145.7,145.1,144.98
17-10-2013,145.1,144.5,146.9,143,143.05,143.55,144.45
18-10-2013,143.55,143.8,147.3,143.75,145.55,145.85,146.02
21-10-2013,145.85,145,148,144.6,147.7,147.65,147.06
22-10-2013,147.65,146.25,149.5,146.25,148.9,148.75,148.45
23-10-2013,148.75,149,149.75,143.2,145.4,145.35,145.54
24-10-2013,145.35,145.3,147.35,142.1,143.5,143.3,145.04
25-10-2013,143.3,144,147.4,142.6,145.5,145.2,145.06
28-10-2013,145.2,145,146.65,143.75,144.3,144.05,144.92
29-10-2013,144.05,144,146.45,143.05,145.8,146.05,145.1
30-10-2013,146.05,146.5,148.7,144.7,147.55,147.25,146.83
31-10-2013,147.25,147,149.95,145.55,149,149.1,147.96
01-11-2013,149.1,147.5,149.1,145.75,146.2,146.25,146.55
03-11-2013,146.25,146.6,147.2,146.3,146.6,146.6,146.63
05-11-2013,146.6,145.55,148.1,144.8,147.3,147.25,146.84
06-11-2013,147.25,146.8,153.35,146.25,152.35,152.6,150.56
07-11-2013,152.6,154.6,155.4,151.8,152.9,152.7,153.53
08-11-2013,152.7,151.8,153.85,150.3,151.85,152.55,152.16
11-11-2013,152.55,151.5,152,146.6,150.7,150.3,150.69
12-11-2013,150.3,150,152.2,148.3,149.3,149.15,149.83
13-11-2013,149.15,148.2,151.5,147.15,149.8,149.5,150.01
14-11-2013,149.5,149.7,154.7,149.6,153.1,152.8,152.05
18-11-2013,152.8,153.5,156.85,153.3,155.8,156.05,155.29
19-11-2013,156.05,156,156.5,154.6,155.3,155.05,155.13
20-11-2013,155.05,154,157.5,153.55,153.9,154.65,155.6
21-11-2013,154.65,154.25,154.35,149.15,150,150.2,151.11
22-11-2013,150.2,150.6,151.9,149.45,150.8,150.85,150.63
25-11-2013,150.85,151,152,149.2,149.8,150.15,150.24
26-11-2013,150.15,150,150.85,147.85,148.5,148.75,148.99
27-11-2013,148.75,148.1,149,146.3,146.65,146.6,147.53
28-11-2013,146.6,147,149.4,146.7,148.3,147.9,148.01
29-11-2013,147.9,147.25,151.4,146.75,147.5,147.25,147.93
02-12-2013,147.25,147.15,149,145.9,146,147.05,147.47
03-12-2013,147.05,146.55,146.85,144.65,145.25,145.7,145.5
04-12-2013,145.7,145.6,146.8,144.2,145.6,145.35,145.82
05-12-2013,145.35,147.7,147.7,143,144.5,143.85,144.66
06-12-2013,143.85,144,149.8,143.9,149.5,148.95,147.21
09-12-2013,148.95,153.1,155.05,150.85,152.6,153.45,153.34
10-12-2013,153.45,145.05,145.8,135,136,136.05,137.63
11-12-2013,136.05,139,140.35,137.65,139.2,139.25,139.38
12-12-2013,139.25,139.35,140.05,138.35,139.5,139.65,139.56
13-12-2013,139.65,139.3,139.3,136.65,137.5,137.3,137.78
16-12-2013,137.3,138.65,138.65,136.75,138.05,137.95,137.81
17-12-2013,137.95,137.2,138.05,134.55,134.9,134.95,136.25
18-12-2013,134.95,134.95,136,134.4,135.75,135.45,135.55
19-12-2013,135.45,135.5,136.05,133.65,135.05,135,134.86
20-12-2013,135,135.05,136.1,134,136.1,135.95,135.35
23-12-2013,135.95,135.65,137.9,135,136.7,136.8,136.54
24-12-2013,136.8,137,138.6,136.85,137.9,137.8,137.92
26-12-2013,137.8,137.4,139.9,136.35,137.15,137.15,137.99
27-12-2013,137.15,137.8,138.1,137.05,137.35,137.25,137.63
30-12-2013,137.25,137.35,138,135.9,136,136.05,136.55
31-12-2013,136.05,136.55,137.2,136,136.85,137,136.7
01-01-2014,137,137.5,138.65,136.6,138.05,138.2,137.53
02-01-2014,138.2,138.8,138.8,134.65,134.8,134.9,136.49
03-01-2014,134.9,135,135.5,131.5,132.05,131.75,132.93
06-01-2014,131.75,132.8,133,130.35,132.2,132.15,131.92
07-01-2014,132.15,132.15,132.8,129.5,130,129.85,130.43
08-01-2014,129.85,130.65,132.9,129.1,129.3,129.55,130.61
09-01-2014,129.55,129.8,134,129.5,133.5,133.65,133.18
10-01-2014,133.65,133.75,133.9,131,131.1,131.4,132.58
13-01-2014,131.4,130.5,133.4,130.4,132.5,132.75,132.27
14-01-2014,132.75,131.7,132.5,130.8,131.3,131.25,131.37
15-01-2014,131.25,132.25,132.85,131.45,132.1,132.25,132.17
16-01-2014,132.25,132.55,134.2,132.55,133.05,133.15,133.79
17-01-2014,133.15,133.2,133.75,131.15,132,131.6,132.99
20-01-2014,131.6,132,133.5,131.5,131.55,131.85,132.33
21-01-2014,131.85,131.6,133,129.75,130.7,130.75,130.68
22-01-2014,130.75,130.5,133.2,130.5,132.4,132.65,132.61
23-01-2014,132.65,131.75,132.4,130.75,131.3,131.1,131.62
24-01-2014,131.1,130.8,131.9,130.65,131.65,131.5,131.16
27-01-2014,131.5,130.25,130.7,129.1,129.5,129.45,129.61
28-01-2014,129.45,129.8,132,128.15,128.4,128.5,129.12
29-01-2014,128.5,129.75,130.5,127.25,127.75,127.8,128.82
30-01-2014,127.8,127.05,130.15,126.15,128.6,128.2,127.67
31-01-2014,128.2,125.7,126.95,123.5,126.2,126.45,125.52
03-02-2014,126.45,126,126.3,125.1,126.2,126,125.74
04-02-2014,126,125.9,130.65,125.4,130.6,130.2,128.75
05-02-2014,130.2,130.6,132.7,127.1,132.5,132.4,130.55
06-02-2014,132.4,132,134.1,130.8,133.3,133.6,132.85
07-02-2014,133.6,133.7,136.1,132.75,135.8,135.95,135.24
10-02-2014,135.95,135.15,136.6,133.3,133.8,135.2,135.34
11-02-2014,135.2,134.4,134.7,130.05,131.25,132.15,133.65
12-02-2014,132.15,132.2,132.5,130.05,131,130.75,131.49
13-02-2014,130.75,131.2,131.45,129.65,130.1,130.1,130.25
14-02-2014,130.1,131.4,132.9,129.65,132.65,132.25,132.01
17-02-2014,132.25,132.3,134.25,132.3,134.1,133.85,133.39
18-02-2014,133.85,133.6,134.55,133,133.8,133.85,133.83
19-02-2014,133.85,134.4,134.4,132.05,132.25,132.35,132.93
20-02-2014,132.35,132,132.6,130.6,131.55,131.1,131.42
21-02-2014,131.1,131.55,134,130.7,133.15,132.45,131.64
24-02-2014,132.45,128.5,128.6,116.35,117.25,116.9,118.8
25-02-2014,116.9,117.45,118.8,113.85,115.65,115.85,115.51
26-02-2014,115.85,116.05,116.75,114.4,115.6,115.45,115.48
28-02-2014,115.45,116,116.45,112,112.15,112.4,113.17
03-03-2014,112.4,113,113.35,110.65,111.05,111.2,111.84
04-03-2014,111.2,111.5,114.15,110.8,114,113.85,112.47
05-03-2014,113.85,114.5,114.6,112.55,114,114.05,113.69
06-03-2014,114.05,113.4,117.3,113.4,117,116.7,115.68
07-03-2014,116.7,116.3,117.15,115.85,116.15,116.35,116.6
10-03-2014,116.35,117,119.35,114.7,117,117,116.95
11-03-2014,117,117,118.1,116,117.3,117.4,117.09
12-03-2014,117.4,117,117.9,116.4,117.3,117.15,117.22
13-03-2014,117.15,117.05,118.3,115.7,116.3,116.25,116.94
14-03-2014,116.25,116.15,117.4,115.05,117.2,117.05,116.3
18-03-2014,117.05,117.3,118.6,116,117.9,117.9,117.9
19-03-2014,117.9,118,118.9,115.3,115.45,115.95,117.15
20-03-2014,115.95,115.5,116.5,115.25,115.8,115.75,115.87
21-03-2014,115.75,116.3,116.4,113.55,113.75,113.85,114.69
22-03-2014,113.85,114.5,114.75,113.85,114.7,114.5,114.34
24-03-2014,114.5,114.8,115.25,112.8,114,113.95,113.7
25-03-2014,113.95,114.9,115.7,113.85,115.3,115.1,114.86
26-03-2014,115.1,115.7,116.4,114.5,115.15,114.9,115.21
27-03-2014,114.9,115.3,117.8,115.25,117.15,116.8,116.62
28-03-2014,116.8,117.85,122,117.4,121.3,120.95,119.56
31-03-2014,120.95,122,123.85,118.7,119.75,119.9,120.78
01-04-2014,119.9,120.8,122.45,119.55,122,121.95,121.3
02-04-2014,121.95,122.2,124.3,121.7,123.1,122.9,122.99
03-04-2014,122.9,124.1,124.15,121.75,122.9,123,122.98
04-04-2014,123,123.05,123.05,119.6,120.3,120.3,120.79
07-04-2014,120.3,121,121.6,118.6,119.5,119.4,119.5
09-04-2014,119.4,120.4,120.8,119.05,120.6,120.55,120.03
10-04-2014,120.55,120.6,124.15,120.6,123.75,123.7,123.14
11-04-2014,123.7,123,125.2,122.3,124.55,124.6,124.18
15-04-2014,124.6,125,125.9,123,125.15,125.4,124.57
16-04-2014,125.4,125,125.9,121.4,122.6,122.6,123.62
17-04-2014,122.6,122.7,123.5,120.75,123,122.95,122.37
21-04-2014,122.95,123,124.8,123,124.5,124.55,123.82
22-04-2014,124.55,124.6,124.95,123.05,123.25,123.8,123.99
23-04-2014,123.8,123.5,124.9,121.8,122.55,122.1,122.72
25-04-2014,122.1,122.5,123.5,118.2,118.65,118.5,119.52
28-04-2014,118.5,118.8,119.4,117.6,118.05,117.95,118.21
29-04-2014,117.95,118.1,118.85,117.5,117.5,117.65,117.96
30-04-2014,117.65,118,118.95,115.35,116.2,116.35,116.87
02-05-2014,116.35,117,117,114.1,114.45,114.45,115.13
05-05-2014,114.45,114.45,115.15,113.5,114.1,113.85,114.07
06-05-2014,113.85,114.3,115.7,113.8,114.5,114.3,114.66
07-05-2014,114.3,114.5,116.8,114,116.1,115.75,115.19
08-05-2014,115.75,116.05,116.7,114.9,115.1,115.55,115.97
09-05-2014,115.55,115.5,118.5,115.5,118,118.15,117.26
12-05-2014,118.15,118.25,122,118.25,121.4,121.1,120.17
13-05-2014,121.1,124,130.4,122.3,122.7,122.8,125.28
14-05-2014,122.8,124.3,126.2,123.2,125.5,125.5,124.39
15-05-2014,125.5,126.35,131.35,125.1,128.5,129.3,129.27
16-05-2014,129.3,132,138.65,130.5,131.3,131.6,134.09
19-05-2014,131.6,134,148.8,134,147.6,145.6,139.75
20-05-2014,145.6,150.2,151.5,140.55,142.05,142.25,144.7
21-05-2014,142.25,144.3,147.6,143.1,146.3,145.65,145.42
22-05-2014,145.65,147.7,156.8,146.8,156.3,154.2,151.51
23-05-2014,154.2,157.55,162.6,155.1,162.25,160.2,158.42
26-05-2014,160.2,163.75,167.6,150.25,155.25,156.25,161.52
27-05-2014,156.25,155.35,159.1,149.5,154.15,154.15,153.67
28-05-2014,154.15,153.1,156.8,150.6,151.5,151.45,152.55
29-05-2014,151.45,151.95,154.9,150,152.95,152.15,152.46
30-05-2014,152.15,152.95,163.8,152.9,161,160.5,159.12
02-06-2014,160.5,163,163,155.5,158.75,159.25,158.77
03-06-2014,159.25,160.5,164.9,159.9,164,164.2,162.95
04-06-2014,164.2,164.2,165.9,161.75,164,165,163.75
05-06-2014,165,165.5,166.35,162,164,164.2,163.94
06-06-2014,164.2,165.95,168.9,162.5,165.6,165.5,164.82
09-06-2014,165.5,167,167.45,163.4,164.65,165.35,165.29
10-06-2014,165.35,166,166.9,161.8,163.4,163.55,163.41
11-06-2014,163.55,164,164.3,156.8,157.1,158.1,160.01
12-06-2014,158.1,158.05,161.4,157.05,161.05,160.25,159.42
13-06-2014,160.25,161.15,162,151.5,152.9,153.35,155.92
16-06-2014,153.35,155.3,155.95,150.05,152.7,152.9,152.29
17-06-2014,152.9,152.4,156,150.8,155.85,154.9,153.15
18-06-2014,154.9,154.8,156.75,150.05,151.15,151.5,153.37
19-06-2014,151.5,152.3,154.1,150.55,152.45,152.5,152.49
20-06-2014,152.5,152,154.5,151.1,151.7,151.65,152.75
23-06-2014,151.65,151.6,153.2,151,152.65,152.55,151.99
24-06-2014,152.55,152.55,156.1,152.55,154.95,154.85,154.87
25-06-2014,154.85,155.1,157.65,155.1,157.1,156.85,156.39
26-06-2014,156.85,157.2,157.65,151.9,152.7,152.3,153.75
27-06-2014,152.3,152.85,154.35,151.1,152.25,152.25,152.64
30-06-2014,152.25,153.3,156.8,152.95,155.8,156.2,155.25
01-07-2014,156.2,156.35,157.5,154.35,154.55,154.6,155.61
02-07-2014,154.6,155.95,160.15,155.55,159.6,159.75,157.98
03-07-2014,159.75,160.45,160.55,156.55,157.65,157.35,157.88
04-07-2014,157.35,158,159.6,154.8,159.25,158.55,157.48
07-07-2014,158.55,159.45,161.9,158,161.3,161.35,160.23
08-07-2014,161.35,161.3,161.95,152.25,152.5,153,157.56
09-07-2014,153,153,154.2,149,150.2,150.65,151.1
10-07-2014,150.65,151,154.9,145.65,151,151.15,151.18
11-07-2014,151.15,151,152.7,146.55,149.75,149.7,149.5
14-07-2014,149.7,149.7,150.4,145.65,149,147.8,148.02
15-07-2014,147.8,149.25,150,142.6,145.7,145.6,145.53
16-07-2014,145.6,146.05,147.25,143.55,147,146.65,145.52
17-07-2014,146.65,145.7,151.1,145.6,150.6,150.4,148.84
18-07-2014,150.4,149.95,150.1,147.2,150,149.7,148.7
21-07-2014,149.7,150.2,151.05,147.7,148.1,148,148.73
22-07-2014,148,148.35,150.65,148.2,149.95,149.85,149.19
23-07-2014,149.85,150,150.35,147.25,149.9,149.6,148.98
24-07-2014,149.6,149.8,150.8,148.8,150.4,149.7,149.77
25-07-2014,149.7,149.55,150.5,147,148.6,148.95,148.61
28-07-2014,148.95,148.1,149.6,147.35,149,149.05,148.57
30-07-2014,149.05,149,150.4,147.6,149.9,149.8,149.26
31-07-2014,149.8,149.1,149.8,144.1,144.95,145.05,146.2
01-08-2014,145.05,143.4,143.4,140.05,141.05,140.75,141.53
04-08-2014,140.75,141.1,142.35,140.2,141.8,141.3,141.16
05-08-2014,141.3,141.35,141.75,139.1,141,140.7,140.27
06-08-2014,140.7,141.2,141.95,140.1,140.35,140.45,141.08
07-08-2014,140.45,140,141.35,139.4,140.55,140.85,140.59
08-08-2014,140.85,139.65,140,137,138.1,137.95,137.86
11-08-2014,137.95,139.2,139.95,135.05,136.3,135.85,136.37
12-08-2014,135.85,136.6,141.1,136.6,139.55,139.5,138.8
13-08-2014,139.5,137.8,140.35,137.2,140,139.95,138.84
14-08-2014,139.95,140.2,142.45,139.1,141.75,142.05,141.18
18-08-2014,142.05,141.95,144.1,141.1,142.35,142.6,142.96
19-08-2014,142.6,143.1,144.4,142.65,143.8,143.9,143.6
20-08-2014,143.9,144.25,145.7,143.25,145,145.3,144.84
21-08-2014,145.3,145.95,145.95,142,142.1,142.5,143.46
22-08-2014,142.5,142.6,143.45,141.25,142.6,142.5,142.32
25-08-2014,142.5,142.3,142.9,140.2,142.1,141.8,141.94
26-08-2014,141.8,141.6,142,139.3,140.9,141,140.38
27-08-2014,141,141.45,141.5,137.25,139.5,139.5,138.84
28-08-2014,139.5,139,140,136.85,137.4,137.4,137.74
01-09-2014,137.4,138.7,140.45,137.4,140.15,139.7,138.75
02-09-2014,139.7,140,141.5,138.8,140.7,140.2,140.13
03-09-2014,140.2,140.95,141.35,138.75,139.9,139.7,139.76
04-09-2014,139.7,140.5,143,138.7,142.2,142.45,140.99
05-09-2014,142.45,142.2,143.5,141,142.4,142.85,142.23
08-09-2014,142.85,143,143.95,140.1,140.5,140.45,141.64
09-09-2014,140.45,140.6,141.6,139.7,140.5,140.6,140.4
10-09-2014,140.6,140,140.7,138.8,139.45,139.4,139.66
11-09-2014,139.4,140.95,141.4,138.9,139.9,140,140.08
12-09-2014,140,139.3,140.15,137.5,137.85,137.75,138.3
15-09-2014,137.75,137.3,138.75,135.6,135.75,135.9,136.96
16-09-2014,135.9,136,136.5,131.8,132.2,132.15,134.11
17-09-2014,132.15,132.55,133.8,131.7,133.65,133.65,133
18-09-2014,133.65,132.5,137.25,132.5,136.8,136.9,135.74
19-09-2014,136.9,136.75,139,136.3,137.55,138.25,138.01
22-09-2014,138.25,137.25,137.25,136.1,136.7,136.45,136.58
23-09-2014,136.45,136.5,138.2,135.6,137,136.9,137.27
24-09-2014,136.9,136.05,139.6,136.05,137.8,138,137.63
25-09-2014,138,138.7,138.9,135.55,137.15,136.45,136.5
26-09-2014,136.45,135.6,140.15,135.6,139.3,139.35,138.08
29-09-2014,139.35,139.9,140,137.4,139,139,138.86
30-09-2014,139,138.9,139.5,138,139.1,139.1,138.92
01-10-2014,139.1,139.35,140.4,138.5,139.15,139.05,139.56
07-10-2014,139.05,138.7,141.55,138.1,141.3,140.65,139.93
08-10-2014,140.65,141.8,144,141.2,143.35,143.4,142.88
09-10-2014,143.4,144.2,144.65,142.5,142.7,142.9,143.29
10-10-2014,142.9,142.05,142.25,139.1,142,141.25,140.68
13-10-2014,141.25,141.3,141.3,138.35,141.2,140.25,139.45
14-10-2014,140.25,140.95,141.7,138.75,140.3,140.7,140.58
16-10-2014,140.7,142,142.2,137.4,138.55,138.25,139.72
17-10-2014,138.25,139.8,141.25,138.7,141,140.95,140.2
20-10-2014,140.95,141.95,144.95,141.1,144.85,143.5,142.39
21-10-2014,143.5,145.05,148.1,144.8,147.15,147.55,146.52
22-10-2014,147.55,148.1,148.8,145.55,146.3,146.55,147.05
23-10-2014,146.55,147.75,147.75,146.2,146.75,146.7,146.98
27-10-2014,146.7,148.5,148.5,145.1,145.7,145.85,146.31
28-10-2014,145.85,145.1,148.2,144.75,148,147.75,146.2
29-10-2014,147.75,148.3,148.35,145.5,145.75,146.25,146.54
30-10-2014,146.25,146.1,147.75,145.25,146.75,147.1,146.67
31-10-2014,147.1,147.1,150.9,146.25,150.2,150.1,148.85
03-11-2014,150.1,149.65,150,146.7,147.7,147.7,148.03
05-11-2014,147.7,147.65,148.9,144.8,145.25,145.25,146.3
07-11-2014,145.25,145,146.7,144.05,144.15,144.45,145.39
10-11-2014,144.45,145.1,146.8,144.1,146.35,146.15,145.3
11-11-2014,146.15,147.1,147.45,145.4,145.55,145.8,146.26
12-11-2014,145.8,145.65,146.25,141.95,142.25,142.2,143.87
13-11-2014,142.2,143.5,143.5,141.65,142.6,142.7,142.33
14-11-2014,142.7,142.55,143.95,140.3,143.15,143.1,142.36
17-11-2014,143.1,142.9,146.3,142.5,145.95,145.9,145.46
18-11-2014,145.9,146.8,148.6,145.8,146.9,146.8,147.28
19-11-2014,146.8,146.9,147.65,143.5,143.9,144.2,145.78
20-11-2014,144.2,144.65,144.65,141.4,141.5,142.5,142.81
21-11-2014,142.5,142.9,144.2,142,142.7,142.65,143.27
24-11-2014,142.65,142,143.65,142,143.5,143.05,143.01
25-11-2014,143.05,143.75,143.75,139.4,140.25,140.15,141.51
26-11-2014,140.15,140.1,142.4,140,141.9,141.8,141.31
27-11-2014,141.8,142,142.95,140.85,141.65,141.15,141.8
28-11-2014,141.15,141.25,143.25,140.85,142.35,142.7,141.97
01-12-2014,142.7,142.1,144.7,139.55,140.6,140.15,141.55
02-12-2014,140.15,140.2,141.8,140.1,140.25,140.45,140.96
03-12-2014,140.45,140.45,143.65,140.45,143.05,143.15,142.54
04-12-2014,143.15,143.1,143.7,141.4,141.65,142.05,142.3
05-12-2014,142.05,141.65,142.15,140.65,141.05,141.05,141.67
08-12-2014,141.05,141.05,142.3,139.6,140,139.9,140.73
09-12-2014,139.9,139.75,139.75,134.3,135,134.95,135.94
10-12-2014,134.95,134.9,136.35,134.35,135,135.15,135.58
11-12-2014,135.15,135.4,135.4,133.2,133.65,133.5,134.09
12-12-2014,133.5,134.3,134.3,132.3,133,132.95,133.13
15-12-2014,132.95,132.45,134.7,130.95,133.5,133,133.64
16-12-2014,133,132.4,132.95,126.75,129.65,128.3,129.17
17-12-2014,128.3,129.7,129.85,126.7,128.2,128.1,127.93
18-12-2014,128.1,129.55,134.2,129,132.6,132.95,131.74
19-12-2014,132.95,134,136.35,132.85,135.25,135.5,134.95
22-12-2014,135.5,136.3,140.2,136.15,138.95,139,139.43
23-12-2014,139,139.7,143.85,138.2,143.15,142.95,140.58
24-12-2014,142.95,143.5,143.75,138.6,140.05,139.35,139.92
26-12-2014,139.35,139.8,140.45,138.25,139.2,139.3,139.21
29-12-2014,139.3,139.35,140.95,139.35,140,140.1,140.16
30-12-2014,140.1,140.25,142.4,139.85,142.1,141.95,141.26
31-12-2014,141.95,141.95,144.85,141.05,144,144,143.52
01-01-2015,144,144.2,144.25,142.1,142.2,142.45,142.72
02-01-2015,142.45,142.5,145,142.5,145,144.4,144.21
05-01-2015,144.4,144.55,144.9,143.05,143.65,144,143.77
06-01-2015,144,143.5,144.5,138.25,138.9,139.2,141.18
07-01-2015,139.2,140.5,143,139.35,142.95,142.55,141.61
08-01-2015,142.55,143.3,145.3,143.2,144.9,144.95,144.86
09-01-2015,144.95,145.15,145.5,139.5,140.25,140.25,141.16
12-01-2015,140.25,141,141.4,138.5,140.25,140,140.09
13-01-2015,140,139.25,140.35,138.1,138.9,138.95,139.6
14-01-2015,138.95,139.7,140.25,137.2,138,137.75,138.71
15-01-2015,137.75,139.85,140.55,138.4,139,139.2,139.83
16-01-2015,139.2,138.65,141.8,138.35,141,140.4,139.87
19-01-2015,140.4,140.9,142.9,139.85,142.15,141.75,141.3
20-01-2015,141.75,142.75,143.5,142.1,143.25,142.85,142.67
21-01-2015,142.85,143.25,144.15,142.3,143.45,143.5,143.46
22-01-2015,143.5,143.5,143.7,139.35,140.4,140.2,140.72
23-01-2015,140.2,141.6,142.2,140.45,141.75,141.9,141.34
27-01-2015,141.9,142.5,143.7,140.7,142.75,143.15,142.64
28-01-2015,143.15,143,144.95,141.55,142.4,142.85,143.22
29-01-2015,142.85,142.7,142.7,141.1,141.7,141.85,141.74
30-01-2015,141.85,142.8,147.4,142.1,143.55,143.65,144.76
02-02-2015,143.65,144.45,144.45,141.55,142.2,142.05,142.61
03-02-2015,142.05,142.45,144.8,142.15,143.6,144,143.35
04-02-2015,144,143.2,144.1,142.05,142.5,142.8,142.94
05-02-2015,142.8,142.2,143.1,139.05,139.75,140.15,141.82
06-02-2015,140.15,140.15,140.75,138.3,139.7,140,139.91
09-02-2015,140,139,140.4,138.1,138.45,138.8,139.33
10-02-2015,138.8,138,140.3,136.75,137.4,137.15,138.8
11-02-2015,137.15,137,141,136.8,140.6,140.15,139.41
12-02-2015,140.15,140.55,142.65,140.05,142.2,142.1,141.43
13-02-2015,142.1,142.1,143.7,141.6,142.75,143.25,142.62
16-02-2015,143.25,142.2,144.65,142.2,144.25,144,143.78
18-02-2015,144,144.05,147.8,143.6,145.6,146.05,146.57
19-02-2015,146.05,146.2,147.2,142,146.95,146.65,144.78
20-02-2015,146.65,146.4,147.35,144.1,145.5,145.65,146
23-02-2015,145.65,145.65,146.8,144.3,146.05,146.05,145.79
24-02-2015,146.05,146.25,149.2,146,146.35,146.6,147.28
25-02-2015,146.6,147,148.6,145.6,146,146.05,147.3
26-02-2015,146.05,147.1,154.85,145.75,152.15,153.35,151.71
27-02-2015,153.35,153,159.5,152,159,158.45,156.24
28-02-2015,158.45,160,161,151.65,155.4,155.9,156.47
02-03-2015,155.9,156,160,155.7,159.7,159.5,158.38
03-03-2015,159.5,159.5,160,157.9,158.45,158.7,158.98
04-03-2015,158.7,159,159.8,155.75,157.3,157.5,158.42
05-03-2015,157.5,156.25,158.7,155.2,158.1,158.15,156.71
09-03-2015,158.15,157.5,158.1,151.4,151.6,151.8,153.36
10-03-2015,151.8,153.3,153.3,149,150.5,149.95,150.74
11-03-2015,149.95,149.5,154.75,146.6,154.6,153.75,152.37
12-03-2015,153.75,154,164.75,153,159,159.7,160.98
13-03-2015,159.7,160.3,161.3,158.6,160.1,159.45,159.82
16-03-2015,159.45,159.3,159.5,154.7,155.85,155.85,155.96
17-03-2015,155.85,156.1,158.5,155.3,158,157.85,157.05
18-03-2015,157.85,158,159.35,151.2,152.3,152.65,152.97
19-03-2015,152.65,153.5,155.85,150.15,154.8,154.75,153.28
20-03-2015,154.75,143.8,148.3,142.7,145.5,145.5,145.29
23-03-2015,145.5,145.2,150.5,145.2,150,150.15,148.67
24-03-2015,150.15,150,153.4,149.6,152.45,152.7,151.6
25-03-2015,152.7,154.5,154.9,146.5,147.1,147.35,148.74
26-03-2015,147.35,146.25,147.8,142.95,144.65,144,144.97
27-03-2015,144,145.9,146.65,143.5,145.9,145.6,145.53
30-03-2015,145.6,146.1,148.2,145.7,148.2,147.6,147.23
31-03-2015,147.6,148.5,148.5,144.9,147.75,146.85,146.08
01-04-2015,146.85,147,149.9,147,148,147.75,148.46
06-04-2015,147.75,148.5,152.95,148.2,152.2,152.1,150.48
07-04-2015,152.1,152.95,157,151.5,156.7,156.3,154.44
08-04-2015,156.3,156.3,157.95,153.45,155.6,156.1,155.17
09-04-2015,156.1,156.15,158,153.4,157,157.35,155.69
10-04-2015,157.35,157,159,154.25,155.6,155.65,156.13
13-04-2015,155.65,155.7,158.7,153.5,156.95,157.3,155.65
15-04-2015,157.3,156.2,158.5,153.4,154,154.35,156.41
16-04-2015,154.35,154,156.6,153.5,156.1,156.1,155.42
17-04-2015,156.1,155.55,158.85,155.55,158,158,157.87
20-04-2015,158,159.4,160,153.8,154.4,154.4,156.31
21-04-2015,154.4,154.9,156.3,151,151.35,151.35,153.26
22-04-2015,151.35,151.9,153.45,150.3,153.3,152.7,151.64
23-04-2015,152.7,154,154,148.9,149.1,149.5,150.16
24-04-2015,149.5,150.45,151,147.9,150.65,149.8,149.06
27-04-2015,149.8,150.85,153.35,147.7,148.65,148.25,150.94
28-04-2015,148.25,148,152.15,146.9,151.55,151.3,150.52
29-04-2015,151.3,151.4,152.75,150.4,151.15,151.6,151.58
30-04-2015,151.6,151.3,151.9,149.4,150,150.3,150.69
04-05-2015,150.3,151,153.05,149.35,152.4,152.35,151.28
05-05-2015,152.35,151.5,152.1,148.4,150.5,150.5,150.29
06-05-2015,150.5,149.6,150.05,143.1,144.9,144.6,144.74
07-05-2015,144.6,144.8,145.15,142,142.15,142.5,143.97
08-05-2015,142.5,143.25,144.6,141.55,141.85,142,142.9
11-05-2015,142,142.4,145.5,141.8,145.3,144.95,143.9
12-05-2015,144.95,144.65,145.45,140.3,142.4,141.65,141.89
13-05-2015,141.65,142.05,142.6,134.25,139.1,138.4,137.59
14-05-2015,138.4,139.4,143.65,137.7,139.2,139.05,139.78
15-05-2015,139.05,140,141.4,135.45,136.4,136.1,137.3
18-05-2015,136.1,137.7,137.7,135.05,136.1,136.15,136.03
19-05-2015,136.15,136.4,137.9,134.85,135.7,136.1,136.3
20-05-2015,136.1,136.9,137.7,135.45,136.3,136.15,136.78
21-05-2015,136.15,137,137.1,134,134.45,134.95,135.22
22-05-2015,134.95,134.6,135.7,134.25,135.5,135.35,135.12
25-05-2015,135.35,135.05,135.85,134,134.5,134.25,134.69
26-05-2015,134.25,134.5,134.5,132,132.5,132.5,132.67
27-05-2015,132.5,132.5,135.85,131.3,134.9,134.25,133.62
28-05-2015,134.25,134.8,135.55,134,135,134.65,134.65
29-05-2015,134.65,134.75,139.65,134.05,137.15,136.55,136.28
01-06-2015,136.55,136.6,139.3,136.6,138.8,138.55,138.25
02-06-2015,138.55,138.5,138.9,135.8,138,137.95,137.85
03-06-2015,137.95,137.7,139.75,136.1,139.05,138.45,138.54
04-06-2015,138.45,138.55,139.4,136.15,136.6,136.9,137.24
05-06-2015,136.9,135.6,140.85,135.6,140,140.05,139.48
08-06-2015,140.05,140.15,140.5,138.05,138.6,138.45,139.05
09-06-2015,138.45,138.7,139.45,136.75,139,139,138.57
10-06-2015,139,139.4,140.75,138.8,139.7,140,139.9
11-06-2015,140,140.25,140.4,136.2,136.8,136.55,137.61
12-06-2015,136.55,136,137.5,135.6,136.55,136.5,136.58
15-06-2015,136.5,136,136.65,134.6,136,135.85,135.6
16-06-2015,135.85,135.4,138,135.4,137.25,137.65,136.41
17-06-2015,137.65,137.35,137.95,136.55,137,137,137.11
18-06-2015,137,137.1,137.9,136.25,136.6,136.6,136.65
19-06-2015,136.6,136.8,137.3,135.6,136.4,136.05,136.2
22-06-2015,136.05,136.2,137.5,136,137.2,137,136.74
23-06-2015,137,136.9,140,135.9,139.25,139.25,137.16
24-06-2015,139.25,139.9,140.15,136.25,136.4,136.8,137.99
25-06-2015,136.8,136.6,137.35,135,136.8,135.6,135.85
26-06-2015,135.6,135.65,138.2,135.4,137.5,137.7,136.89
29-06-2015,137.7,136.65,139.5,135.4,138.1,138.65,137.62
30-06-2015,138.65,137.8,138.6,136.15,137.65,137.65,137.28
01-07-2015,137.65,137.35,139.35,136.9,138,138.3,138.35
02-07-2015,138.3,138.5,138.85,137.35,137.45,137.65,138.14
03-07-2015,137.65,136.75,139.7,136.1,138.9,138.85,138.66
06-07-2015,138.85,136.7,138.6,136.7,137.45,138,137.92
07-07-2015,138,138,138.3,134,134.45,134.45,134.91
08-07-2015,134.45,132.05,133.85,131.35,132.65,133,132.52
09-07-2015,133,132.5,133.15,130.7,131.05,131.1,132
10-07-2015,131.1,131.25,131.75,128.15,130,129.85,129.34
13-07-2015,129.85,130,133.4,129.1,133.2,133.1,131.74
14-07-2015,133.1,133.2,134.05,132.9,133.2,133.1,133.35
15-07-2015,133.1,133,134,133,133.55,133.15,133.56
16-07-2015,133.15,133.55,135.1,133,134.75,134.7,134.35
17-07-2015,134.7,134.75,135.8,134.1,135.55,135.55,135.16
20-07-2015,135.55,135.65,136.2,135.45,135.55,135.7,135.6
21-07-2015,135.7,135.5,136.05,135.3,135.5,135.6,135.62
22-07-2015,135.6,135.4,137.85,135.4,137.1,137.55,136.83
23-07-2015,137.55,137.1,138.9,137.1,138.15,138.35,137.87
24-07-2015,138.35,137.9,138.9,136.9,138.15,138,138.24
27-07-2015,138,138,139.3,133.35,133.55,134.2,136.54
28-07-2015,134.2,133.65,137.5,132.7,137.3,137.05,135.49
29-07-2015,137.05,137,137.4,134.5,135.5,135.5,135.5
30-07-2015,135.5,135.85,138.7,135.5,135.65,135.85,136.41
31-07-2015,135.85,136,136.9,134.85,135.5,135.05,135.6
03-08-2015,135.05,135.1,136.5,134.7,135.05,135.05,135.55
04-08-2015,135.05,135.15,135.9,133.65,135.7,135.15,134.83
05-08-2015,135.15,135.2,137.2,134.6,137.2,136.75,136.35
06-08-2015,136.75,137,138,135.25,136.1,135.9,136.19
07-08-2015,135.9,135.1,136.4,133.3,134.15,133.85,135.34
10-08-2015,133.85,134,134.6,130.9,131.35,131.35,132.82
11-08-2015,131.35,131.1,132.3,129.6,130.3,130.8,130.28
12-08-2015,130.8,130,130.3,127.1,128,128.05,128.61
13-08-2015,128.05,128.1,129.2,126.6,127.65,127.85,128.14
14-08-2015,127.85,128.05,129.95,127.6,129.65,129.65,129.13
17-08-2015,129.65,129.65,130,127.7,128.5,128.05,128.53
18-08-2015,128.05,129,129.05,126.9,126.95,127.25,127.29
19-08-2015,127.25,127,127.4,125.85,126,126,126.25
20-08-2015,126,125.2,127.7,125,125.65,125.95,126.49
21-08-2015,125.95,125,125.45,121.8,123.5,123.4,123.32
24-08-2015,123.4,121,122,112.7,116,115.3,117.45
25-08-2015,115.3,118,122.4,107.1,120,119.15,115.45
26-08-2015,119.15,119.2,123,116.3,119.8,119.9,120.5
27-08-2015,119.9,121.4,121.7,118,119.7,119.15,119.4
28-08-2015,119.15,121.9,125.05,120.05,122.1,121.6,122.44
31-08-2015,121.6,121,123.35,120.1,121.9,121.45,121.83
01-09-2015,121.45,120.1,122.5,119.4,120.35,120.25,121.36
02-09-2015,120.25,121,121,115.75,116.4,116.5,117.41
03-09-2015,116.5,115.75,119.4,115.55,117.6,117.6,117.6
04-09-2015,117.6,117,117.6,113.15,114.6,114.5,114.67
07-09-2015,114.5,114.7,115,112.4,112.5,112.6,112.91
08-09-2015,112.6,114,116.15,113.15,114.75,114.45,115.05
09-09-2015,114.45,117,121.35,115.2,121.1,120.9,117.37
10-09-2015,120.9,120.65,120.9,117.95,119.5,119.25,119.45
11-09-2015,119.25,119.85,120.75,118.7,119.9,119.65,119.57
14-09-2015,119.65,120,126.4,119.7,125.7,125.9,124.39
15-09-2015,125.9,125.65,129.5,124.5,126.2,126.85,127.28
16-09-2015,126.85,126.8,128.7,125.2,127.1,127.85,127.14
18-09-2015,127.85,127.85,130,125.35,125.95,126.8,128.06
21-09-2015,126.8,125.1,127.7,125,127.3,126.75,126.4
22-09-2015,126.75,127,127.35,120.05,121.05,120.9,122.75
23-09-2015,120.9,119.05,123.3,119.05,121.6,121.3,121.89
24-09-2015,121.3,121.8,122.4,120.25,122.3,122.05,121.58
28-09-2015,122.05,122.05,123,120.65,121.15,120.95,121.65
29-09-2015,120.95,119.15,122.75,119,120.9,121.35,120.62
30-09-2015,121.35,122.9,124.4,121,123.9,123.75,122.88
01-10-2015,123.75,125.2,125.9,123.1,123.7,123.5,124.74
05-10-2015,123.5,123.9,128.25,123.9,127.55,127.7,126.85
06-10-2015,127.7,129.5,129.9,124.8,125.7,125.75,127.7
07-10-2015,125.75,126.05,128,125.25,127.9,127.75,126.63
08-10-2015,127.75,127.9,128.25,125.3,126.25,126,126.62
09-10-2015,126,126.9,127,125.5,125.55,126,126.28
12-10-2015,126,129,129,125.7,127.35,127.25,126.63
13-10-2015,127.25,127.4,128.4,126.9,127.5,127.45,127.55
14-10-2015,127.45,127.4,128.1,125.2,125.9,125.85,127.05
15-10-2015,125.85,126.5,126.8,124.55,125.35,125,125.73
16-10-2015,125,125.3,127.95,125.2,126.9,126.8,126.88
19-10-2015,126.8,127,127.65,126.1,126.9,127.3,126.9
20-10-2015,127.3,127.35,129.8,126.7,127.65,127.95,128.5
21-10-2015,127.95,127.95,131.7,127.1,130.2,129.95,129.7
23-10-2015,129.95,131.1,133.95,131.1,132.6,132.65,133.05
26-10-2015,132.65,133,133.5,131.25,132,132.85,132.54
27-10-2015,132.85,132.2,133.25,131.1,132.65,132.65,132.63
28-10-2015,132.65,131.65,133,129.05,129.25,129.45,130.43
29-10-2015,129.45,130.05,131.2,127.3,127.7,127.95,129.02
30-10-2015,127.95,128.05,137.65,128.05,132.65,132.8,133.99
02-11-2015,132.8,132.45,133.3,129.7,132.4,132.7,130.98
03-11-2015,132.7,133,137.8,133,135.9,135.7,136.07
04-11-2015,135.7,136.25,136.5,134.55,134.8,135.05,135.46
05-11-2015,135.05,135,137,134.65,135.9,136,136.06
06-11-2015,136,138.5,139.3,134.4,135.5,135.55,136.07
09-11-2015,135.55,133.5,134.45,132.15,133.7,133.55,133.4
10-11-2015,133.55,133.4,134.75,130.35,132,131.35,131.6
11-11-2015,131.35,133.45,133.85,131.25,131.7,131.9,132.19
13-11-2015,131.9,130.9,132.75,129.8,131.35,130.8,131.19
16-11-2015,130.8,130.3,132,129.8,131.15,131.2,131.02
17-11-2015,131.2,131.5,133.25,130.8,132.5,132.1,131.93
18-11-2015,132.1,132.1,135.15,132,132.35,132.9,134.33
19-11-2015,132.9,133.9,134.55,132,134.4,133.95,133.43
20-11-2015,133.95,134,134.95,133.4,134.25,134.15,134.1
23-11-2015,134.15,134.25,134.7,132.25,133.1,133.1,133.03
24-11-2015,133.1,132.8,133.75,130.85,131,131.15,131.95
26-11-2015,131.15,131.4,133.6,130.7,132.85,132.9,132.61
27-11-2015,132.9,133.5,134,132.25,133,132.7,133.07
30-11-2015,132.7,133,133.7,130.1,130.65,130.9,131.32
01-12-2015,130.9,131.1,132.9,131,132.65,132.65,132.32
02-12-2015,132.65,132.75,133.45,131.5,132.85,133.1,132.39
03-12-2015,133.1,132.85,134.9,132.4,133.65,133.5,133.87
04-12-2015,133.5,133.1,133.35,130,130.9,130.4,131.53
07-12-2015,130.4,130,131.05,128,129.75,130.2,129.25
08-12-2015,130.2,129.45,131,129.3,130.45,130.05,130.36
09-12-2015,130.05,130.45,132.25,128.9,130.6,130.15,130.6
10-12-2015,130.15,130.2,133.65,130.2,132.8,133.2,132.78
11-12-2015,133.2,133.45,133.45,131.65,132.8,132.75,132.5
14-12-2015,132.75,132,133.4,131.4,132.7,132.85,132.72
15-12-2015,132.85,132.5,133.25,130.5,131.2,131.8,131.92
16-12-2015,131.8,131.8,134.9,131.8,133.35,133.55,133.79
17-12-2015,133.55,134.5,136.4,134.25,135.3,135.55,135.13
18-12-2015,135.55,135.9,138.1,135.2,135.2,135.85,136.86
21-12-2015,135.85,135,137.4,135,136.35,136.4,136.55
22-12-2015,136.4,136.8,138.4,136.5,136.85,137,137.52
23-12-2015,137,137.2,139.8,137.2,139,139,138.96
24-12-2015,139,139.25,139.9,138.8,139.2,139.3,139.34
28-12-2015,139.3,139.3,144.7,139.3,143.8,143.95,142.67
29-12-2015,143.95,144.45,148.85,144.1,144.1,144.8,145.79
30-12-2015,144.8,144,147,143.9,144.9,145.05,145.54
31-12-2015,145.05,145.05,146.9,144.05,145.2,146.25,145.83
